YEAR,MONTH,Datetime,Rainfall,Precipitation_Anomaly,SPAI
1901,Jan,01-01-1901,8.283,2.896971428571428,0.5270766067815488
1901,Feb,01-02-1901,3.36,-2.982242857142857,-0.3058281165300182
1901,Mar,01-03-1901,1.562,-3.2688857142857133,-0.4531838114989599
1901,Apr,01-04-1901,0.072,-4.255457142857143,-0.6002562270223427
1901,May,01-05-1901,5.268,-4.492614285714285,-0.4180808609382881
1901,Jun,01-06-1901,19.634,-30.458400000000005,-0.6659842831734982
1901,Jul,01-07-1901,183.812,-29.223528571428545,-0.2850967880126851
1901,Aug,01-08-1901,126.277,-44.953800000000044,-0.48382221194295566
1901,Sep,01-09-1901,3.932,-86.48257142857143,-1.3253427360102872
1901,Oct,01-10-1901,3.943,-3.6008857142857145,-0.3294571908237874
1901,Nov,01-11-1901,0.0,-5.650599999999999,-0.5152376445279412
1901,Dec,01-12-1901,9.235,5.080314285714286,0.776417794689405
1902,Jan,01-01-1902,0.387,-4.999028571428571,-0.9095260625100154
1902,Feb,01-02-1902,0.0,-6.342242857142857,-0.6503951155186041
1902,Mar,01-03-1902,0.335,-4.495885714285714,-0.6232896473436151
1902,Apr,01-04-1902,0.781,-3.5464571428571428,-0.5002477788881189
1902,May,01-05-1902,1.5,-8.260614285714285,-0.7687294107202569
1902,Jun,01-06-1902,81.419,31.326599999999992,0.6849678001885491
1902,Jul,01-07-1902,154.98,-58.05552857142857,-0.5663739298845339
1902,Aug,01-08-1902,107.496,-63.73480000000005,-0.6859556236345291
1902,Sep,01-09-1902,63.973,-26.441571428571436,-0.4052162654587385
1902,Oct,01-10-1902,0.799,-6.744885714285714,-0.6171123651717618
1902,Nov,01-11-1902,0.94,-4.7105999999999995,-0.4295257934225251
1902,Dec,01-12-1902,0.165,-3.989685714285714,-0.6097384550597756
1903,Jan,01-01-1903,0.861,-4.525028571428572,-0.8232862366178927
1903,Feb,01-02-1903,0.509,-5.8332428571428565,-0.5981973171599165
1903,Mar,01-03-1903,0.389,-4.441885714285713,-0.6158033269396936
1903,Apr,01-04-1903,0.0,-4.327457142857143,-0.6104122330387941
1903,May,01-05-1903,12.095,2.334385714285716,0.21723698655680243
1903,Jun,01-06-1903,2.077,-48.01540000000001,-1.049874640502744
1903,Jul,01-07-1903,271.198,58.16247142857142,0.5674172352813409
1903,Aug,01-08-1903,179.982,8.751199999999955,0.09418614090811438
1903,Sep,01-09-1903,115.55,25.135428571428562,0.38519966651503357
1903,Oct,01-10-1903,4.958,-2.5858857142857143,-0.23659141411793683
1903,Nov,01-11-1903,0.0,-5.650599999999999,-0.5152376445279412
1903,Dec,01-12-1903,0.004,-4.150685714285714,-0.6343438747080248
1904,Jan,01-01-1904,1.285,-4.1010285714285715,-0.7461434387734622
1904,Feb,01-02-1904,2.291,-4.0512428571428565,-0.41545374805347
1904,Mar,01-03-1904,21.094,16.263114285714288,2.254646005711965
1904,Apr,01-04-1904,0.0,-4.327457142857143,-0.6104122330387941
1904,May,01-05-1904,13.461,3.7003857142857157,0.34435639181215516
1904,Jun,01-06-1904,60.482,10.389599999999994,0.22717248143235952
1904,Jul,01-07-1904,185.587,-27.448528571428568,-0.26778037129436777
1904,Aug,01-08-1904,128.585,-42.64580000000004,-0.4589820056608542
1904,Sep,01-09-1904,69.164,-21.250571428571433,-0.32566435078987727
1904,Oct,01-10-1904,8.099,0.5551142857142857,0.050789280101842915
1904,Nov,01-11-1904,10.663,5.012400000000001,0.45704476859658305
1904,Dec,01-12-1904,14.801,10.646314285714286,1.6270623025288693
1905,Jan,01-01-1905,8.087,2.700971428571428,0.49141625683459517
1905,Feb,01-02-1905,11.627,5.284757142857144,0.5419502705648156
1905,Mar,01-03-1905,2.13,-2.7008857142857137,-0.37443881169475113
1905,Apr,01-04-1905,7.592,3.2645428571428567,0.46048217914036993
1905,May,01-05-1905,1.23,-8.530614285714284,-0.7938555010708759
1905,Jun,01-06-1905,23.675,-26.417400000000004,-0.5776263100592144
1905,Jul,01-07-1905,94.804,-118.23152857142856,-1.1534346016825485
1905,Aug,01-08-1905,5.472,-165.75880000000004,-1.784004672908853
1905,Sep,01-09-1905,52.133,-38.28157142857143,-0.5866638997641355
1905,Oct,01-10-1905,0.0,-7.5438857142857145,-0.6902155726475988
1905,Nov,01-11-1905,0.0,-5.650599999999999,-0.5152376445279412
1905,Dec,01-12-1905,0.444,-3.710685714285714,-0.5670992495823755
1906,Jan,01-01-1906,0.04,-5.346028571428572,-0.9726594371610002
1906,Feb,01-02-1906,58.635,52.29275714285714,5.362606665811055
1906,Mar,01-03-1906,4.81,-0.020885714285713952,-0.002895502759400362
1906,Apr,01-04-1906,0.0,-4.327457142857143,-0.6104122330387941
1906,May,01-05-1906,1.453,-8.307614285714285,-0.7731032116331426
1906,Jun,01-06-1906,77.553,27.460599999999992,0.6004362673848318
1906,Jul,01-07-1906,168.178,-44.85752857142856,-0.4376178353220805
1906,Aug,01-08-1906,68.096,-103.13480000000004,-1.1100042057466633
1906,Sep,01-09-1906,141.961,51.54642857142858,0.7899474257751554
1906,Oct,01-10-1906,0.002,-7.541885714285715,-0.6900325858954689
1906,Nov,01-11-1906,0.0,-5.650599999999999,-0.5152376445279412
1906,Dec,01-12-1906,23.455,19.300314285714286,2.9496418157956072
1907,Jan,01-01-1907,4.772,-0.6140285714285714,-0.11171670272740264
1907,Feb,01-02-1907,37.154,30.811757142857147,3.15973651555935
1907,Mar,01-03-1907,1.614,-3.2168857142857137,-0.44597476222111
1907,Apr,01-04-1907,20.9,16.572542857142857,2.3376506245144903
1907,May,01-05-1907,8.071,-1.6896142857142848,-0.1572348192613087
1907,Jun,01-06-1907,8.538,-41.5544,-0.9086024642366249
1907,Jul,01-07-1907,77.733,-135.30252857142855,-1.3199746297379846
1907,Aug,01-08-1907,268.136,96.90519999999998,1.0429571740937253
1907,Sep,01-09-1907,0.861,-89.55357142857143,-1.37240571615825
1907,Oct,01-10-1907,0.0,-7.5438857142857145,-0.6902155726475988
1907,Nov,01-11-1907,0.026,-5.624599999999999,-0.5128668911994935
1907,Dec,01-12-1907,0.0,-4.154685714285714,-0.6349551894818942
1908,Jan,01-01-1908,17.175,11.788971428571429,2.1448920747831433
1908,Feb,01-02-1908,0.939,-5.403242857142857,-0.5541009452655439
1908,Mar,01-03-1908,0.0,-4.830885714285714,-0.6697325609605339
1908,Apr,01-04-1908,0.889,-3.4384571428571427,-0.48501376986344147
1908,May,01-05-1908,6.898,-2.862614285714285,-0.2663937228956637
1908,Jun,01-06-1908,22.631,-27.461400000000005,-0.6004537596833945
1908,Jul,01-07-1908,504.468,291.4324714285715,2.8431358425387696
1908,Aug,01-08-1908,342.453,171.22219999999993,1.8428053587847781
1908,Sep,01-09-1908,219.931,129.51642857142858,1.9848352675650047
1908,Oct,01-10-1908,1.595,-5.948885714285715,-0.5442836378241195
1908,Nov,01-11-1908,3.198,-2.452599999999999,-0.22363498512887647
1908,Dec,01-12-1908,0.442,-3.7126857142857137,-0.56740490696931
1909,Jan,01-01-1909,17.674,12.287971428571428,2.235680414699112
1909,Feb,01-02-1909,1.996,-4.346242857142856,-0.44570591016705113
1909,Mar,01-03-1909,0.0,-4.830885714285714,-0.6697325609605339
1909,Apr,01-04-1909,29.013,24.68554285714286,3.4820350246738143
1909,May,01-05-1909,14.885,5.124385714285715,0.4768732535131962
1909,Jun,01-06-1909,62.686,12.593599999999995,0.2753637639722956
1909,Jul,01-07-1909,373.926,160.89047142857143,1.5696036333880032
1909,Aug,01-08-1909,61.886,-109.34480000000005,-1.1768402893739824
1909,Sep,01-09-1909,202.57,112.15542857142856,1.7187784787832476
1909,Oct,01-10-1909,0.1,-7.443885714285715,-0.6810662350411111
1909,Nov,01-11-1909,0.0,-5.650599999999999,-0.5152376445279412
1909,Dec,01-12-1909,10.887,6.732314285714287,1.0288907962975242
1910,Jan,01-01-1910,4.919,-0.467028571428572,-0.08497144026718753
1910,Feb,01-02-1910,2.194,-4.148242857142857,-0.4254010691552238
1910,Mar,01-03-1910,0.215,-4.615885714285714,-0.6399259149078846
1910,Apr,01-04-1910,9.458,5.130542857142857,0.7236920017334046
1910,May,01-05-1910,0.902,-8.858614285714285,-0.8243790478671831
1910,Jun,01-06-1910,90.94,40.84759999999999,0.8931480184565763
1910,Jul,01-07-1910,121.637,-91.39852857142856,-0.8916591595402307
1910,Aug,01-08-1910,162.275,-8.955800000000039,-0.09638817999187434
1910,Sep,01-09-1910,53.647,-36.767571428571436,-0.5634618965260972
1910,Oct,01-10-1910,7.33,-0.21388571428571446,-0.01956912609204778
1910,Nov,01-11-1910,0.09,-5.560599999999999,-0.5070311906986993
1910,Dec,01-12-1910,0.0,-4.154685714285714,-0.6349551894818942
1911,Jan,01-01-1911,8.625,3.2389714285714284,0.5893002786277644
1911,Feb,01-02-1911,0.0,-6.342242857142857,-0.6503951155186041
1911,Mar,01-03-1911,15.571,10.740114285714286,1.4889617910664623
1911,Apr,01-04-1911,0.003,-4.324457142857143,-0.6099890661214419
1911,May,01-05-1911,0.175,-9.585614285714284,-0.8920333726260712
1911,Jun,01-06-1911,39.389,-10.703400000000002,-0.2340338355435354
1911,Jul,01-07-1911,19.869,-193.16652857142856,-1.8844800590274078
1911,Aug,01-08-1911,28.311,-142.91980000000004,-1.5381964097906033
1911,Sep,01-09-1911,163.107,72.69242857142856,1.1140092226520069
1911,Oct,01-10-1911,2.157,-5.3868857142857145,-0.4928643604756584
1911,Nov,01-11-1911,41.162,35.5114,3.23802960568605
1911,Dec,01-12-1911,2.84,-1.314685714285714,-0.2009217000345214
1912,Jan,01-01-1912,6.207,0.8209714285714282,0.14936800224136557
1912,Feb,01-02-1912,1.996,-4.346242857142856,-0.44570591016705113
1912,Mar,01-03-1912,0.485,-4.345885714285713,-0.6024943128882783
1912,Apr,01-04-1912,3.842,-0.4854571428571428,-0.06847646754981257
1912,May,01-05-1912,2.789,-6.971614285714285,-0.6487755941945251
1912,Jun,01-06-1912,53.345,3.252599999999994,0.07111931288085115
1912,Jul,01-07-1912,214.961,1.9254714285714556,0.018784375006398533
1912,Aug,01-08-1912,230.568,59.33719999999997,0.6386257747843691
1912,Sep,01-09-1912,96.616,6.201428571428565,0.09503670131753472
1912,Oct,01-10-1912,15.452,7.908114285714285,0.7235400743068862
1912,Nov,01-11-1912,27.641,21.9904,2.0051466920729184
1912,Dec,01-12-1912,1.009,-3.145685714285714,-0.48075103777330297
1913,Jan,01-01-1913,0.094,-5.292028571428571,-0.9628346468694919
1913,Feb,01-02-1913,12.931,6.588757142857142,0.6756750820770524
1913,Mar,01-03-1913,2.289,-2.5418857142857134,-0.35239575717209426
1913,Apr,01-04-1913,0.278,-4.049457142857143,-0.5711987653641619
1913,May,01-05-1913,21.351,11.590385714285715,1.0785965876135704
1913,Jun,01-06-1913,65.325,15.232599999999998,0.33306648385564025
1913,Jul,01-07-1913,87.521,-125.51452857142856,-1.2244855667301586
1913,Aug,01-08-1913,53.093,-118.13780000000004,-1.2714763092346923
1913,Sep,01-09-1913,46.049,-44.365571428571435,-0.6799010118514695
1913,Oct,01-10-1913,0.0,-7.5438857142857145,-0.6902155726475988
1913,Nov,01-11-1913,0.013,-5.637599999999999,-0.5140522678637174
1913,Dec,01-12-1913,3.619,-0.5356857142857137,-0.08186814782342852
1914,Jan,01-01-1914,0.009,-5.377028571428571,-0.9782995945505693
1914,Feb,01-02-1914,6.023,-0.31924285714285716,-0.03273825989114779
1914,Mar,01-03-1914,0.213,-4.6178857142857135,-0.6402031860339555
1914,Apr,01-04-1914,8.076,3.7485428571428576,0.5287531084731828
1914,May,01-05-1914,11.607,1.8463857142857147,0.171823904737906
1914,Jun,01-06-1914,89.887,39.794599999999996,0.8701237804735669
1914,Jul,01-07-1914,210.248,-2.7875285714285667,-0.027194369778633126
1914,Aug,01-08-1914,115.921,-55.30980000000004,-0.5952802605813634
1914,Sep,01-09-1914,109.37,18.95542857142857,0.2904913573927911
1914,Oct,01-10-1914,4.902,-2.6418857142857144,-0.24171504317756992
1914,Nov,01-11-1914,22.164,16.513400000000004,1.505738385153383
1914,Dec,01-12-1914,0.085,-4.069685714285714,-0.6219647505371664
1915,Jan,01-01-1915,7.799,2.4129714285714288,0.43901737527988804
1915,Feb,01-02-1915,12.018,5.675757142857144,0.5820472040780708
1915,Mar,01-03-1915,26.756,21.925114285714287,3.0396005636194134
1915,Apr,01-04-1915,4.801,0.47354285714285727,0.06679589036375683
1915,May,01-05-1915,2.207,-7.553614285714285,-0.7029362778391923
1915,Jun,01-06-1915,30.999,-19.093400000000006,-0.4174843167187006
1915,Jul,01-07-1915,90.14,-122.89552857142856,-1.1989353158088774
1915,Aug,01-08-1915,60.16,-111.07080000000005,-1.1954166308137166
1915,Sep,01-09-1915,29.891,-60.52357142857144,-0.9275218627895271
1915,Oct,01-10-1915,34.906,27.362114285714284,2.503452212273012
1915,Nov,01-11-1915,0.003,-5.647599999999999,-0.5149640960669664
1915,Dec,01-12-1915,0.084,-4.070685714285714,-0.6221175792306339
1916,Jan,01-01-1916,0.0,-5.386028571428572,-0.9799370595991537
1916,Feb,01-02-1916,5.242,-1.1002428571428569,-0.11282957721557792
1916,Mar,01-03-1916,0.213,-4.6178857142857135,-0.6402031860339555
1916,Apr,01-04-1916,0.854,-3.473457142857143,-0.4899507172325499
1916,May,01-05-1916,22.794,13.033385714285716,1.2128815815985439
1916,Jun,01-06-1916,46.147,-3.9454000000000065,-0.0862676434360545
1916,Jul,01-07-1916,154.82,-58.215528571428564,-0.5679348463211146
1916,Aug,01-08-1916,317.491,146.26019999999994,1.5741479804425675
1916,Sep,01-09-1916,125.163,34.74842857142856,0.5325185946043732
1916,Oct,01-10-1916,8.869,1.3251142857142852,0.12123917967179838
1916,Nov,01-11-1916,0.313,-5.337599999999999,-0.4866974217662441
1916,Dec,01-12-1916,0.0,-4.154685714285714,-0.6349551894818942
1917,Jan,01-01-1917,1.883,-3.5030285714285716,-0.6373429833230625
1917,Feb,01-02-1917,15.62,9.277757142857142,0.9514312309700014
1917,Mar,01-03-1917,1.169,-3.6618857142857135,-0.5076675877719425
1917,Apr,01-04-1917,20.851,16.523542857142857,2.330738898197737
1917,May,01-05-1917,65.279,55.518385714285714,5.166518427991603
1917,Jun,01-06-1917,176.889,126.79660000000001,2.7724549799016645
1917,Jul,01-07-1917,331.399,118.36347142857144,1.1547218002725719
1917,Aug,01-08-1917,365.781,194.55019999999996,2.09387655988914
1917,Sep,01-09-1917,215.402,124.98742857142855,1.9154284824493657
1917,Oct,01-10-1917,28.761,21.217114285714285,1.9412254163543397
1917,Nov,01-11-1917,0.0,-5.650599999999999,-0.5152376445279412
1917,Dec,01-12-1917,21.443,17.288314285714286,2.642150484539235
1918,Jan,01-01-1918,3.426,-1.9600285714285715,-0.3566086977712788
1918,Feb,01-02-1918,0.0,-6.342242857142857,-0.6503951155186041
1918,Mar,01-03-1918,3.528,-1.3028857142857135,-0.18062629457101215
1918,Apr,01-04-1918,0.538,-3.7894571428571426,-0.5345242991936425
1918,May,01-05-1918,3.651,-6.109614285714285,-0.5685582242603273
1918,Jun,01-06-1918,16.103,-33.9894,-0.7431909159541309
1918,Jul,01-07-1918,29.02,-184.01552857142855,-1.7952053945827182
1918,Aug,01-08-1918,85.154,-86.07680000000005,-0.9264148475317194
1918,Sep,01-09-1918,14.871,-75.54357142857144,-1.1577028988762725
1918,Oct,01-10-1918,0.0,-7.5438857142857145,-0.6902155726475988
1918,Nov,01-11-1918,0.439,-5.211599999999999,-0.4752083864053052
1918,Dec,01-12-1918,0.006,-4.148685714285714,-0.6340382173210899
1919,Jan,01-01-1919,15.819,10.43297142857143,1.8981806741297287
1919,Feb,01-02-1919,0.127,-6.215242857142857,-0.6373713033544521
1919,Mar,01-03-1919,0.662,-4.168885714285714,-0.5779558182309807
1919,Apr,01-04-1919,30.544,26.21654285714286,3.6979912081624304
1919,May,01-05-1919,7.961,-1.7996142857142843,-0.16747137458933856
1919,Jun,01-06-1919,10.819,-39.2734,-0.8587275479600395
1919,Jul,01-07-1919,233.003,19.96747142857143,0.19479721468633343
1919,Aug,01-08-1919,188.213,16.98219999999995,0.18277354901382456
1919,Sep,01-09-1919,41.001,-49.41357142857144,-0.7572614559370813
1919,Oct,01-10-1919,0.83,-6.7138857142857145,-0.6142760705137507
1919,Nov,01-11-1919,11.086,5.435400000000001,0.49561510159402034
1919,Dec,01-12-1919,3.16,-0.9946857142857137,-0.15201651812495817
1920,Jan,01-01-1920,5.138,-0.2480285714285717,-0.04512645741829533
1920,Feb,01-02-1920,8.469,2.1267571428571426,0.2180983113963764
1920,Mar,01-03-1920,3.714,-1.1168857142857136,-0.15484007984639456
1920,Apr,01-04-1920,0.046,-4.281457142857143,-0.6039236736393946
1920,May,01-05-1920,33.556,23.795385714285715,2.214388931055432
1920,Jun,01-06-1920,147.032,96.93960000000001,2.1196205321725916
1920,Jul,01-07-1920,210.588,-2.4475285714285633,-0.023877422350898986
1920,Aug,01-08-1920,41.715,-129.51580000000004,-1.3939337906375315
1920,Sep,01-09-1920,19.589,-70.82557142857144,-1.085399694598159
1920,Oct,01-10-1920,0.016,-7.5278857142857145,-0.6887516786305607
1920,Nov,01-11-1920,0.0,-5.650599999999999,-0.5152376445279412
1920,Dec,01-12-1920,0.0,-4.154685714285714,-0.6349551894818942
1921,Jan,01-01-1921,6.429,1.0429714285714287,0.18975880677311957
1921,Feb,01-02-1921,0.0,-6.342242857142857,-0.6503951155186041
1921,Mar,01-03-1921,0.0,-4.830885714285714,-0.6697325609605339
1921,Apr,01-04-1921,0.56,-3.767457142857143,-0.5314210751330601
1921,May,01-05-1921,0.175,-9.585614285714284,-0.8920333726260712
1921,Jun,01-06-1921,18.956,-31.136400000000005,-0.6808090062052937
1921,Jul,01-07-1921,114.689,-98.34652857142856,-0.9594419557987489
1921,Aug,01-08-1921,98.957,-72.27380000000005,-0.7778579292856845
1921,Sep,01-09-1921,122.939,32.52442857142856,0.4984358632956567
1921,Oct,01-10-1921,1.046,-6.497885714285714,-0.594513501283737
1921,Nov,01-11-1921,0.0,-5.650599999999999,-0.5152376445279412
1921,Dec,01-12-1921,0.002,-4.152685714285714,-0.6346495320949596
1922,Jan,01-01-1922,3.377,-2.009028571428572,-0.36552378525801743
1922,Feb,01-02-1922,0.874,-5.468242857142857,-0.5607666759007398
1922,Mar,01-03-1922,0.014,-4.816885714285713,-0.6677916630780358
1922,Apr,01-04-1922,0.707,-3.620457142857143,-0.510685896182805
1922,May,01-05-1922,1.405,-8.355614285714285,-0.7775700721399191
1922,Jun,01-06-1922,45.57,-4.522400000000005,-0.09888396377432265
1922,Jul,01-07-1922,196.39,-16.64552857142857,-0.16238924464198207
1922,Aug,01-08-1922,86.316,-84.91480000000004,-0.913908643155722
1922,Sep,01-09-1922,143.908,53.49342857142855,0.8197851406393958
1922,Oct,01-10-1922,0.57,-6.973885714285714,-0.6380643482906185
1922,Nov,01-11-1922,0.59,-5.060599999999999,-0.4614397805362439
1922,Dec,01-12-1922,13.436,9.281314285714286,1.418451135945888
1923,Jan,01-01-1923,2.601,-2.7850285714285716,-0.5067096605582014
1923,Feb,01-02-1923,14.982,8.639757142857142,0.8860045210430022
1923,Mar,01-03-1923,1.395,-3.4358857142857135,-0.4763359505259015
1923,Apr,01-04-1923,0.119,-4.208457142857143,-0.5936266119838256
1923,May,01-05-1923,6.095,-3.665614285714285,-0.34112057679028174
1923,Jun,01-06-1923,2.491,-47.601400000000005,-1.0408223759966035
1923,Jul,01-07-1923,310.829,97.79347142857145,0.9540464808946612
1923,Aug,01-08-1923,202.047,30.816199999999952,0.33166410954527803
1923,Sep,01-09-1923,60.558,-29.856571428571435,-0.4575510349817901
1923,Oct,01-10-1923,2.403,-5.140885714285714,-0.47035698996369846
1923,Nov,01-11-1923,0.0,-5.650599999999999,-0.5152376445279412
1923,Dec,01-12-1923,2.826,-1.3286857142857138,-0.20306130174306464
1924,Jan,01-01-1924,4.705,-0.6810285714285715,-0.12390672031131036
1924,Feb,01-02-1924,6.378,0.035757142857143265,0.0036668843472297693
1924,Mar,01-03-1924,0.471,-4.3598857142857135,-0.6044352107707762
1924,Apr,01-04-1924,0.002,-4.325457142857143,-0.6101301217605594
1924,May,01-05-1924,12.068,2.307385714285715,0.21472437752174028
1924,Jun,01-06-1924,24.664,-25.428400000000003,-0.5560014559612121
1924,Jul,01-07-1924,183.425,-29.610528571428546,-0.2888722546436647
1924,Aug,01-08-1924,128.994,-42.236800000000045,-0.4545800800242079
1924,Sep,01-09-1924,169.123,78.70842857142856,1.2062042368396142
1924,Oct,01-10-1924,5.669,-1.874885714285715,-0.17153962373580917
1924,Nov,01-11-1924,1.266,-4.384599999999999,-0.39980019399660405
1924,Dec,01-12-1924,29.759,25.60431428571429,3.9130738994138965
1925,Jan,01-01-1925,0.354,-5.0320285714285715,-0.9155301010214925
1925,Feb,01-02-1925,0.0,-6.342242857142857,-0.6503951155186041
1925,Mar,01-03-1925,0.0,-4.830885714285714,-0.6697325609605339
1925,Apr,01-04-1925,0.0,-4.327457142857143,-0.6104122330387941
1925,May,01-05-1925,13.857,4.096385714285715,0.3812079909930625
1925,Jun,01-06-1925,117.165,67.0726,1.466567430711488
1925,Jul,01-07-1925,298.676,85.64047142857143,0.8354851218086253
1925,Aug,01-08-1925,67.067,-104.16380000000005,-1.1210789770916738
1925,Sep,01-09-1925,7.08,-83.33457142857144,-1.2770997332405756
1925,Oct,01-10-1925,0.208,-7.335885714285714,-0.6711849504261046
1925,Nov,01-11-1925,31.804,26.153399999999998,2.384740773085522
1925,Dec,01-12-1925,0.002,-4.152685714285714,-0.6346495320949596
1926,Jan,01-01-1926,20.532,15.145971428571428,2.7556665379052028
1926,Feb,01-02-1926,1.43,-4.912242857142857,-0.5037490415442951
1926,Mar,01-03-1926,19.567,14.736114285714287,2.042949500956635
1926,Apr,01-04-1926,7.982,3.6545428571428573,0.515493878396149
1926,May,01-05-1926,20.854,11.093385714285715,1.0323459694496524
1926,Jun,01-06-1926,13.922,-36.1704,-0.7908792949103924
1926,Jul,01-07-1926,203.075,-9.960528571428569,-0.0971722047760932
1926,Aug,01-08-1926,239.316,68.08519999999996,0.7327774751985049
1926,Sep,01-09-1926,196.169,105.75442857142858,1.6206833514868921
1926,Oct,01-10-1926,0.0,-7.5438857142857145,-0.6902155726475988
1926,Nov,01-11-1926,1.13,-4.520599999999999,-0.41220105756079195
1926,Dec,01-12-1926,0.01,-4.144685714285714,-0.6334269025472203
1927,Jan,01-01-1927,0.0,-5.386028571428572,-0.9799370595991537
1927,Feb,01-02-1927,13.24,6.897757142857143,0.7073629400197529
1927,Mar,01-03-1927,2.779,-2.0518857142857136,-0.28446433128466064
1927,Apr,01-04-1927,1.123,-3.2044571428571427,-0.4520067503099741
1927,May,01-05-1927,9.824,0.06338571428571527,0.005898648829930834
1927,Jun,01-06-1927,15.41,-34.6824,-0.7583436195839747
1927,Jul,01-07-1927,238.871,25.835471428571452,0.25204382499793226
1927,Aug,01-08-1927,332.251,161.02019999999993,1.7330047589190927
1927,Sep,01-09-1927,58.512,-31.902571428571434,-0.4889059217882799
1927,Oct,01-10-1927,10.664,3.120114285714285,0.28546978970825326
1927,Nov,01-11-1927,13.995,8.3444,0.7608659259191858
1927,Dec,01-12-1927,16.133,11.978314285714285,1.8306301222274248
1928,Jan,01-01-1928,3.081,-2.3050285714285716,-0.4193781913003557
1928,Feb,01-02-1928,11.261,4.918757142857142,0.5044170796035586
1928,Mar,01-03-1928,1.622,-3.2088857142857137,-0.4448656777168253
1928,Apr,01-04-1928,1.537,-2.790457142857143,-0.39360971571537806
1928,May,01-05-1928,2.141,-7.619614285714285,-0.7090782110360102
1928,Jun,01-06-1928,16.516,-33.57640000000001,-0.7341605168211937
1928,Jul,01-07-1928,176.907,-36.12852857142855,-0.3524600879788724
1928,Aug,01-08-1928,162.208,-9.022800000000046,-0.09710927783455246
1928,Sep,01-09-1928,55.861,-34.55357142857144,-0.5295324149085173
1928,Oct,01-10-1928,34.034,26.490114285714284,2.423669988344437
1928,Nov,01-11-1928,22.339,16.6884,1.5216953787102416
1928,Dec,01-12-1928,12.452,8.297314285714286,1.2680677015739814
1929,Jan,01-01-1929,0.439,-4.9470285714285716,-0.9000651533404156
1929,Feb,01-02-1929,0.623,-5.719242857142857,-0.5865066511228039
1929,Mar,01-03-1929,0.0,-4.830885714285714,-0.6697325609605339
1929,Apr,01-04-1929,6.672,2.344542857142857,0.3307109911523785
1929,May,01-05-1929,2.305,-7.455614285714285,-0.6938164376378565
1929,Jun,01-06-1929,40.451,-9.641400000000004,-0.21081280920169695
1929,Jul,01-07-1929,181.282,-31.753528571428546,-0.30977877916611796
1929,Aug,01-08-1929,170.984,-0.24680000000003588,-0.0026562230981033155
1929,Sep,01-09-1929,7.61,-82.80457142857144,-1.2689774996103513
1929,Oct,01-10-1929,1.218,-6.325885714285715,-0.5787766406005783
1929,Nov,01-11-1929,0.0,-5.650599999999999,-0.5152376445279412
1929,Dec,01-12-1929,13.781,9.626314285714287,1.4711770351921358
1930,Jan,01-01-1930,7.42,2.0339714285714283,0.3700619026783804
1930,Feb,01-02-1930,3.527,-2.8152428571428567,-0.28870231628266874
1930,Mar,01-03-1930,0.0,-4.830885714285714,-0.6697325609605339
1930,Apr,01-04-1930,3.028,-1.2994571428571429,-0.18329575779136145
1930,May,01-05-1930,19.018,9.257385714285716,0.8614885550654463
1930,Jun,01-06-1930,103.338,53.24559999999999,1.1642349154303184
1930,Jul,01-07-1930,271.283,58.24747142857146,0.5682464721382751
1930,Aug,01-08-1930,91.401,-79.82980000000005,-0.8591805456927727
1930,Sep,01-09-1930,23.467,-66.94757142857144,-1.0259694643754957
1930,Oct,01-10-1930,15.245,7.701114285714285,0.7046009454614561
1930,Nov,01-11-1930,0.187,-5.463599999999999,-0.4981864571271829
1930,Dec,01-12-1930,0.1,-4.054685714285714,-0.6196723201351556
1931,Jan,01-01-1931,0.2,-5.186028571428571,-0.9435489474083848
1931,Feb,01-02-1931,3.369,-2.9732428571428566,-0.30490516921129873
1931,Mar,01-03-1931,1.508,-3.3228857142857136,-0.4606701319028811
1931,Apr,01-04-1931,0.845,-3.482457142857143,-0.49122021798460647
1931,May,01-05-1931,5.083,-4.677614285714284,-0.4352968858081567
1931,Jun,01-06-1931,18.763,-31.329400000000003,-0.6850290232335182
1931,Jul,01-07-1931,110.993,-102.04252857142856,-0.995499125483764
1931,Aug,01-08-1931,329.724,158.49319999999994,1.7058075313303278
1931,Sep,01-09-1931,78.002,-12.41257142857144,-0.19022227376360207
1931,Oct,01-10-1931,39.215,31.67111428571429,2.8976971697365603
1931,Nov,01-11-1931,0.006,-5.644599999999999,-0.5146905476059915
1931,Dec,01-12-1931,0.0,-4.154685714285714,-0.6349551894818942
1932,Jan,01-01-1932,0.0,-5.386028571428572,-0.9799370595991537
1932,Feb,01-02-1932,0.652,-5.690242857142857,-0.5835327097624858
1932,Mar,01-03-1932,6.764,1.9331142857142867,0.26799838741212073
1932,Apr,01-04-1932,2.803,-1.524457142857143,-0.2150332765927723
1932,May,01-05-1932,2.659,-7.101614285714285,-0.6608733414003785
1932,Jun,01-06-1932,31.876,-18.216400000000004,-0.3983083844194611
1932,Jul,01-07-1932,117.485,-95.55052857142856,-0.9321649410695007
1932,Aug,01-08-1932,340.39,169.15919999999994,1.8206020028229164
1932,Sep,01-09-1932,72.3,-18.114571428571438,-0.277605247649529
1932,Oct,01-10-1932,0.134,-7.409885714285714,-0.6779554602549052
1932,Nov,01-11-1932,0.0,-5.650599999999999,-0.5152376445279412
1932,Dec,01-12-1932,0.0,-4.154685714285714,-0.6349551894818942
1933,Jan,01-01-1933,0.041,-5.345028571428571,-0.9724774966000462
1933,Feb,01-02-1933,13.845,7.502757142857144,0.7694055097781146
1933,Mar,01-03-1933,4.733,-0.09788571428571391,-0.01357044111313988
1933,Apr,01-04-1933,20.898,16.570542857142858,2.3373685132362563
1933,May,01-05-1933,32.101,22.340385714285716,2.0789872219437635
1933,Jun,01-06-1933,199.104,149.01160000000002,3.2581942456115964
1933,Jul,01-07-1933,99.115,-113.92052857142856,-1.1113776594444262
1933,Aug,01-08-1933,402.437,231.20619999999997,2.4883924184145823
1933,Sep,01-09-1933,125.591,35.17642857142856,0.5390776813850074
1933,Oct,01-10-1933,10.213,2.6691142857142847,0.24420627710299353
1933,Nov,01-11-1933,0.106,-5.544599999999999,-0.5055722655735007
1933,Dec,01-12-1933,0.482,-3.6726857142857137,-0.5612917592306148
1934,Jan,01-01-1934,3.764,-1.6220285714285718,-0.29511278816887915
1934,Feb,01-02-1934,0.0,-6.342242857142857,-0.6503951155186041
1934,Mar,01-03-1934,10.534,5.703114285714287,0.7906544600562525
1934,Apr,01-04-1934,0.0,-4.327457142857143,-0.6104122330387941
1934,May,01-05-1934,0.456,-9.304614285714285,-0.8658836267426495
1934,Jun,01-06-1934,139.921,89.8286,1.9641358633243664
1934,Jul,01-07-1934,108.815,-104.22052857142856,-1.0167471004767195
1934,Aug,01-08-1934,250.91,79.67919999999995,0.8575596899449028
1934,Sep,01-09-1934,32.351,-58.063571428571436,-0.8898224387699937
1934,Oct,01-10-1934,0.0,-7.5438857142857145,-0.6902155726475988
1934,Nov,01-11-1934,1.28,-4.370599999999999,-0.3985236345120554
1934,Dec,01-12-1934,11.999,7.844314285714287,1.1988363034332563
1935,Jan,01-01-1935,16.657,11.270971428571428,2.050646864209053
1935,Feb,01-02-1935,4.605,-1.7372428571428564,-0.17815373744049742
1935,Mar,01-03-1935,2.365,-2.4658857142857133,-0.3418594543813901
1935,Apr,01-04-1935,20.171,15.843542857142857,2.234821063597918
1935,May,01-05-1935,2.732,-7.028614285714284,-0.6540799910463223
1935,Jun,01-06-1935,18.264,-31.828400000000006,-0.695939844461934
1935,Jul,01-07-1935,278.353,65.31747142857145,0.637219467179686
1935,Aug,01-08-1935,61.734,-109.49680000000004,-1.1784762128379678
1935,Sep,01-09-1935,105.432,15.017428571428567,0.23014162902331003
1935,Oct,01-10-1935,9.898,2.354114285714285,0.21538586364255724
1935,Nov,01-11-1935,1.252,-4.398599999999999,-0.40107675348115285
1935,Dec,01-12-1935,2.387,-1.7676857142857139,-0.2701530981752466
1936,Jan,01-01-1936,0.188,-5.198028571428572,-0.9457322341398309
1936,Feb,01-02-1936,10.556,4.213757142857142,0.43211953963720384
1936,Mar,01-03-1936,15.448,10.617114285714287,1.4719096168130859
1936,Apr,01-04-1936,1.86,-2.4674571428571426,-0.3480487442804637
1936,May,01-05-1936,4.594,-5.166614285714284,-0.4808030272209438
1936,Jun,01-06-1936,204.245,154.1526,3.3706041292494104
1936,Jul,01-07-1936,144.391,-68.64452857142857,-0.6696773308029929
1936,Aug,01-08-1936,147.045,-24.185800000000057,-0.2603034060215143
1936,Sep,01-09-1936,72.121,-18.29357142857144,-0.28034841712086905
1936,Oct,01-10-1936,0.024,-7.5198857142857145,-0.6880197316220419
1936,Nov,01-11-1936,16.527,10.876400000000002,0.99174082698186
1936,Dec,01-12-1936,7.96,3.805314285714286,0.5815612105184892
1937,Jan,01-01-1937,0.0,-5.386028571428572,-0.9799370595991537
1937,Feb,01-02-1937,29.334,22.991757142857143,2.357797845294247
1937,Mar,01-03-1937,0.0,-4.830885714285714,-0.6697325609605339
1937,Apr,01-04-1937,3.242,-1.085457142857143,-0.15310985102024172
1937,May,01-05-1937,4.778,-4.982614285714285,-0.46368006194496675
1937,Jun,01-06-1937,26.917,-23.175400000000003,-0.5067387701343172
1937,Jul,01-07-1937,190.629,-22.406528571428566,-0.21859199208661728
1937,Aug,01-08-1937,28.031,-143.19980000000004,-1.5412099530137362
1937,Sep,01-09-1937,132.936,42.52142857142857,0.6516395795246311
1937,Oct,01-10-1937,2.554,-4.989885714285714,-0.4565414901779021
1937,Nov,01-11-1937,2.652,-2.998599999999999,-0.2734208050262777
1937,Dec,01-12-1937,4.674,0.5193142857142865,0.07936612378466262
1938,Jan,01-01-1938,4.187,-1.1990285714285713,-0.21815193088540233
1938,Feb,01-02-1938,0.195,-6.147242857142857,-0.6303979236130164
1938,Mar,01-03-1938,3.974,-0.8568857142857134,-0.11879483345714395
1938,Apr,01-04-1938,0.405,-3.9224571428571426,-0.5532846991962543
1938,May,01-05-1938,4.562,-5.198614285714284,-0.4837809342254616
1938,Jun,01-06-1938,144.559,94.4666,2.0655474642409852
1938,Jul,01-07-1938,196.205,-16.830528571428545,-0.16419405427177836
1938,Aug,01-08-1938,65.293,-105.93780000000004,-1.1401719259410878
1938,Sep,01-09-1938,13.229,-77.18557142857144,-1.1828664981608554
1938,Oct,01-10-1938,1.556,-5.9878857142857145,-0.5478518794906496
1938,Nov,01-11-1938,0.0,-5.650599999999999,-0.5152376445279412
1938,Dec,01-12-1938,0.004,-4.150685714285714,-0.6343438747080248
1939,Jan,01-01-1939,2.275,-3.1110285714285717,-0.5660222834291552
1939,Feb,01-02-1939,9.616,3.273757142857143,0.3357228196820635
1939,Mar,01-03-1939,7.549,2.718114285714287,0.3768273043950499
1939,Apr,01-04-1939,0.928,-3.399457142857143,-0.47951259993786355
1939,May,01-05-1939,0.175,-9.585614285714284,-0.8920333726260712
1939,Jun,01-06-1939,58.049,7.956599999999995,0.17397402842888185
1939,Jul,01-07-1939,130.734,-82.30152857142855,-0.8029113043928872
1939,Aug,01-08-1939,103.327,-67.90380000000005,-0.7308251296960898
1939,Sep,01-09-1939,50.634,-39.780571428571434,-0.6096360284654688
1939,Oct,01-10-1939,0.083,-7.460885714285714,-0.6826216224342141
1939,Nov,01-11-1939,0.104,-5.546599999999999,-0.5057546312141508
1939,Dec,01-12-1939,0.214,-3.940685714285714,-0.602249849079874
1940,Jan,01-01-1940,7.407,2.0209714285714284,0.3676966753859803
1940,Feb,01-02-1940,19.637,13.294757142857144,1.3633733842251061
1940,Mar,01-03-1940,15.51,10.679114285714286,1.4805050217212918
1940,Apr,01-04-1940,2.828,-1.499457142857143,-0.21150688561483788
1940,May,01-05-1940,6.157,-3.6036142857142845,-0.3353508819690285
1940,Jun,01-06-1940,26.369,-23.723400000000005,-0.5187209946496918
1940,Jul,01-07-1940,190.205,-22.830528571428545,-0.22272842064355594
1940,Aug,01-08-1940,174.942,3.7111999999999625,0.03994236289174002
1940,Sep,01-09-1940,9.726,-80.68857142857144,-1.2365498649659066
1940,Oct,01-10-1940,4.961,-2.5828857142857142,-0.23631693398974216
1940,Nov,01-11-1940,3.819,-1.831599999999999,-0.1670104537071068
1940,Dec,01-12-1940,1.013,-3.141685714285714,-0.4801397229994334
1941,Jan,01-01-1941,6.951,1.564971428571428,0.28473177959102663
1941,Feb,01-02-1941,1.502,-4.840242857142857,-0.4963654629945397
1941,Mar,01-03-1941,0.739,-4.091885714285714,-0.5672808798772412
1941,Apr,01-04-1941,0.072,-4.255457142857143,-0.6002562270223427
1941,May,01-05-1941,13.779,4.018385714285715,0.37394934266955054
1941,Jun,01-06-1941,17.494,-32.598400000000005,-0.712776181828427
1941,Jul,01-07-1941,121.011,-92.02452857142856,-0.897766245098353
1941,Aug,01-08-1941,113.515,-57.715800000000044,-0.6211752069915614
1941,Sep,01-09-1941,55.006,-35.408571428571435,-0.5426352635006721
1941,Oct,01-10-1941,3.324,-4.219885714285715,-0.3860915906079465
1941,Nov,01-11-1941,0.0,-5.650599999999999,-0.5152376445279412
1941,Dec,01-12-1941,1.956,-2.198685714285714,-0.3360222650596895
1942,Jan,01-01-1942,8.168,2.7819714285714277,0.5061534422718564
1942,Feb,01-02-1942,10.111,3.768757142857144,0.3864849222116321
1942,Mar,01-03-1942,0.014,-4.816885714285713,-0.6677916630780358
1942,Apr,01-04-1942,13.308,8.980542857142858,1.2667562123353258
1942,May,01-05-1942,13.565,3.804385714285715,0.3540345895768378
1942,Jun,01-06-1942,23.811,-26.281400000000005,-0.5746526193035741
1942,Jul,01-07-1942,362.346,149.31047142857145,1.4566323062904722
1942,Aug,01-08-1942,179.874,8.64319999999995,0.0930237742363349
1942,Sep,01-09-1942,102.512,12.097428571428566,0.18539271921150627
1942,Oct,01-10-1942,0.0,-7.5438857142857145,-0.6902155726475988
1942,Nov,01-11-1942,0.0,-5.650599999999999,-0.5152376445279412
1942,Dec,01-12-1942,4.084,-0.07068571428571424,-0.010802805361094639
1943,Jan,01-01-1943,4.82,-0.5660285714285713,-0.10298355580161804
1943,Feb,01-02-1943,0.0,-6.342242857142857,-0.6503951155186041
1943,Mar,01-03-1943,0.0,-4.830885714285714,-0.6697325609605339
1943,Apr,01-04-1943,17.058,12.730542857142858,1.7957148590255083
1943,May,01-05-1943,10.931,1.1703857142857146,0.10891561926746778
1943,Jun,01-06-1943,44.92,-5.172400000000003,-0.11309645635642718
1943,Jul,01-07-1943,414.487,201.45147142857147,1.9653057057889498
1943,Aug,01-08-1943,158.939,-12.291800000000052,-0.13229239496461764
1943,Sep,01-09-1943,185.163,94.74842857142858,1.4520167414222636
1943,Oct,01-10-1943,0.336,-7.207885714285714,-0.6594737982898
1943,Nov,01-11-1943,0.0,-5.650599999999999,-0.5152376445279412
1943,Dec,01-12-1943,0.0,-4.154685714285714,-0.6349551894818942
1944,Jan,01-01-1944,21.933,16.546971428571428,3.010565263801553
1944,Feb,01-02-1944,9.973,3.630757142857144,0.37233306332460087
1944,Mar,01-03-1944,28.486,23.655114285714287,3.2794400876709675
1944,Apr,01-04-1944,14.421,10.093542857142857,1.4237511386729715
1944,May,01-05-1944,0.2,-9.560614285714285,-0.8897068827787917
1944,Jun,01-06-1944,39.239,-10.853400000000008,-0.23731364152402107
1944,Jul,01-07-1944,254.778,41.742471428571434,0.40722818597724303
1944,Aug,01-08-1944,236.502,65.27119999999996,0.7024913658060287
1944,Sep,01-09-1944,57.422,-32.99257142857144,-0.5056101381221384
1944,Oct,01-10-1944,12.332,4.788114285714286,0.4380807409844688
1944,Nov,01-11-1944,0.0,-5.650599999999999,-0.5152376445279412
1944,Dec,01-12-1944,0.0,-4.154685714285714,-0.6349551894818942
1945,Jan,01-01-1945,10.372,4.985971428571428,0.9071504386141321
1945,Feb,01-02-1945,0.0,-6.342242857142857,-0.6503951155186041
1945,Mar,01-03-1945,0.0,-4.830885714285714,-0.6697325609605339
1945,Apr,01-04-1945,3.931,-0.39645714285714284,-0.05592251566836558
1945,May,01-05-1945,22.404,12.643385714285715,1.176588339980984
1945,Jun,01-06-1945,27.52,-22.572400000000005,-0.4935539500927649
1945,Jul,01-07-1945,380.205,167.16947142857143,1.6308598477960676
1945,Aug,01-08-1945,198.68,27.449199999999962,0.29542625228711666
1945,Sep,01-09-1945,79.617,-10.79757142857143,-0.16547244864508714
1945,Oct,01-10-1945,0.724,-6.819885714285714,-0.6239743683766276
1945,Nov,01-11-1945,0.0,-5.650599999999999,-0.5152376445279412
1945,Dec,01-12-1945,0.0,-4.154685714285714,-0.6349551894818942
1946,Jan,01-01-1946,0.0,-5.386028571428572,-0.9799370595991537
1946,Feb,01-02-1946,1.516,-4.826242857142857,-0.49492976716542064
1946,Mar,01-03-1946,0.0,-4.830885714285714,-0.6697325609605339
1946,Apr,01-04-1946,0.322,-4.005457142857143,-0.5649923172429973
1946,May,01-05-1946,9.436,-0.32461428571428463,-0.030208473599847144
1946,Jun,01-06-1946,49.708,-0.3844000000000065,-0.008405049459324597
1946,Jul,01-07-1946,174.042,-38.993528571428556,-0.3804102479213963
1946,Aug,01-08-1946,212.901,41.670199999999966,0.4484819600591131
1946,Sep,01-09-1946,13.096,-77.31857142857143,-1.1849047190529687
1946,Oct,01-10-1946,0.857,-6.686885714285714,-0.6118057493599989
1946,Nov,01-11-1946,1.482,-4.168599999999999,-0.3801047048064233
1946,Dec,01-12-1946,1.754,-2.400685714285714,-0.3668936611401011
1947,Jan,01-01-1947,1.781,-3.605028571428572,-0.655900920540355
1947,Feb,01-02-1947,2.206,-4.136242857142857,-0.4241704727302647
1947,Mar,01-03-1947,1.238,-3.5928857142857136,-0.4981017339224874
1947,Apr,01-04-1947,0.448,-3.879457142857143,-0.5472193067142069
1947,May,01-05-1947,1.733,-8.027614285714284,-0.7470465253436119
1947,Jun,01-06-1947,11.996,-38.0964,-0.8329920036998282
1947,Jul,01-07-1947,153.368,-59.66752857142856,-0.5821001629830849
1947,Aug,01-08-1947,206.671,35.44019999999995,0.3814306233444276
1947,Sep,01-09-1947,248.532,158.11742857142858,2.423144709183979
1947,Oct,01-10-1947,31.136,23.592114285714285,2.158522184508423
1947,Nov,01-11-1947,0.0,-5.650599999999999,-0.5152376445279412
1947,Dec,01-12-1947,2.205,-1.9496857142857138,-0.2979679203863107
1948,Jan,01-01-1948,18.619,13.232971428571428,2.407614244800497
1948,Feb,01-02-1948,11.633,5.290757142857142,0.542565568777295
1948,Mar,01-03-1948,3.677,-1.1538857142857135,-0.1599695956787109
1948,Apr,01-04-1948,0.748,-3.5794571428571427,-0.5049026149789924
1948,May,01-05-1948,4.445,-5.315614285714284,-0.49466890671072966
1948,Jun,01-06-1948,21.454,-28.638400000000004,-0.6261893039436053
1948,Jul,01-07-1948,320.477,107.44147142857142,1.0481697420204794
1948,Aug,01-08-1948,168.771,-2.459800000000058,-0.026473977215214068
1948,Sep,01-09-1948,68.469,-21.94557142857144,-0.33631520432385137
1948,Oct,01-10-1948,4.852,-2.691885714285714,-0.24628971198081387
1948,Nov,01-11-1948,3.861,-1.7895999999999987,-0.16318077525346045
1948,Dec,01-12-1948,0.004,-4.150685714285714,-0.6343438747080248
1949,Jan,01-01-1949,6.948,1.5619714285714288,0.2841859579081654
1949,Feb,01-02-1949,5.168,-1.1742428571428567,-0.12041825516949319
1949,Mar,01-03-1949,0.486,-4.344885714285714,-0.6023556773252429
1949,Apr,01-04-1949,0.014,-4.313457142857143,-0.6084374540911508
1949,May,01-05-1949,3.608,-6.152614285714284,-0.5725597867976482
1949,Jun,01-06-1949,18.642,-31.450400000000005,-0.6876747333911102
1949,Jul,01-07-1949,339.454,126.41847142857145,1.2333041871266837
1949,Aug,01-08-1949,126.777,-44.453800000000044,-0.47844088475879154
1949,Sep,01-09-1949,83.876,-6.53857142857143,-0.10020340519013045
1949,Oct,01-10-1949,7.614,0.07011428571428535,0.006414992710377322
1949,Nov,01-11-1949,0.0,-5.650599999999999,-0.5152376445279412
1949,Dec,01-12-1949,0.0,-4.154685714285714,-0.6349551894818942
1950,Jan,01-01-1950,1.77,-3.6160285714285716,-0.6579022667108474
1950,Feb,01-02-1950,0.172,-6.170242857142857,-0.6327565667608549
1950,Mar,01-03-1950,4.823,-0.007885714285713163,-0.0010932404399376405
1950,Apr,01-04-1950,0.0,-4.327457142857143,-0.6104122330387941
1950,May,01-05-1950,10.816,1.0553857142857161,0.09821376596998223
1950,Jun,01-06-1950,13.86,-36.232400000000005,-0.7922349480489932
1950,Jul,01-07-1950,304.719,91.68347142857144,0.8944389844727342
1950,Aug,01-08-1950,109.121,-62.10980000000005,-0.6684663102859958
1950,Sep,01-09-1950,118.001,27.58642857142857,0.42276116581254447
1950,Oct,01-10-1950,0.083,-7.460885714285714,-0.6826216224342141
1950,Nov,01-11-1950,0.002,-5.648599999999999,-0.5150552788872914
1950,Dec,01-12-1950,0.7,-3.4546857142857137,-0.5279751040547249
1951,Jan,01-01-1951,2.422,-2.9640285714285715,-0.5392770209689398
1951,Feb,01-02-1951,0.031,-6.311242857142857,-0.6472160747541262
1951,Mar,01-03-1951,8.487,3.6561142857142865,0.5068674625224227
1951,Apr,01-04-1951,4.305,-0.022457142857143175,-0.0031677066384646255
1951,May,01-05-1951,15.08,5.3193857142857155,0.49501987432197664
1951,Jun,01-06-1951,72.224,22.1316,0.4839156935847778
1951,Jul,01-07-1951,113.013,-100.02252857142855,-0.9757925554719322
1951,Aug,01-08-1951,191.756,20.525199999999955,0.22090563344081152
1951,Sep,01-09-1951,64.641,-25.77357142857143,-0.3949791860908325
1951,Oct,01-10-1951,2.247,-5.296885714285715,-0.48462995662981956
1951,Nov,01-11-1951,49.122,43.4714,3.963844855472478
1951,Dec,01-12-1951,0.0,-4.154685714285714,-0.6349551894818942
1952,Jan,01-01-1952,0.412,-4.974028571428572,-0.9049775484861694
1952,Feb,01-02-1952,5.17,-1.172242857142857,-0.12021315576533338
1952,Mar,01-03-1952,5.644,0.8131142857142866,0.11272655681227252
1952,Apr,01-04-1952,3.978,-0.3494571428571427,-0.0492929006298485
1952,May,01-05-1952,5.358,-4.402614285714285,-0.4097054974880819
1952,Jun,01-06-1952,34.802,-15.290400000000005,-0.3343303024267873
1952,Jul,01-07-1952,316.059,103.02347142857147,1.0050689369153942
1952,Aug,01-08-1952,285.41,114.17919999999998,1.228871265652228
1952,Sep,01-09-1952,3.808,-86.60657142857144,-1.3272430321803776
1952,Oct,01-10-1952,0.003,-7.540885714285714,-0.6899410925194044
1952,Nov,01-11-1952,0.0,-5.650599999999999,-0.5152376445279412
1952,Dec,01-12-1952,10.574,6.419314285714286,0.981055415242233
1953,Jan,01-01-1953,11.839,6.452971428571429,1.1740572415334238
1953,Feb,01-02-1953,0.0,-6.342242857142857,-0.6503951155186041
1953,Mar,01-03-1953,0.0,-4.830885714285714,-0.6697325609605339
1953,Apr,01-04-1953,2.326,-2.001457142857143,-0.28231681645176354
1953,May,01-05-1953,3.544,-6.216614285714284,-0.5785156008066836
1953,Jun,01-06-1953,38.149,-11.943400000000004,-0.2611468983155504
1953,Jul,01-07-1953,184.566,-28.469528571428555,-0.2777409693052984
1953,Aug,01-08-1953,216.927,45.69619999999995,0.4918124065460027
1953,Sep,01-09-1953,78.726,-11.688571428571436,-0.17912699612533284
1953,Oct,01-10-1953,0.469,-7.074885714285714,-0.6473051792731712
1953,Nov,01-11-1953,0.0,-5.650599999999999,-0.5152376445279412
1953,Dec,01-12-1953,0.0,-4.154685714285714,-0.6349551894818942
1954,Jan,01-01-1954,7.144,1.7579714285714285,0.3198463078551191
1954,Feb,01-02-1954,17.738,11.395757142857143,1.1686314999753065
1954,Mar,01-03-1954,2.96,-1.8708857142857136,-0.2593712943752209
1954,Apr,01-04-1954,0.0,-4.327457142857143,-0.6104122330387941
1954,May,01-05-1954,1.024,-8.736614285714285,-0.813025777412459
1954,Jun,01-06-1954,12.355,-37.73740000000001,-0.8251423347198663
1954,Jul,01-07-1954,248.264,35.22847142857145,0.3436793755529503
1954,Aug,01-08-1954,120.657,-50.57380000000005,-0.5443083294929607
1954,Sep,01-09-1954,172.374,81.95942857142856,1.25602571142803
1954,Oct,01-10-1954,28.521,20.977114285714286,1.919267006098768
1954,Nov,01-11-1954,11.193,5.542400000000001,0.5053716633687857
1954,Dec,01-12-1954,0.0,-4.154685714285714,-0.6349551894818942
1955,Jan,01-01-1955,6.429,1.0429714285714287,0.18975880677311957
1955,Feb,01-02-1955,0.032,-6.310242857142857,-0.6471135250520462
1955,Mar,01-03-1955,1.634,-3.1968857142857137,-0.4432020509603982
1955,Apr,01-04-1955,2.025,-2.302457142857143,-0.3247745638260957
1955,May,01-05-1955,8.005,-1.7556142857142838,-0.16337675245812655
1955,Jun,01-06-1955,68.292,18.199599999999997,0.39794104614964687
1955,Jul,01-07-1955,121.472,-91.56352857142856,-0.8932688546154546
1955,Aug,01-08-1955,295.65,124.41919999999993,1.3390808463839097
1955,Sep,01-09-1955,157.017,66.60242857142856,1.0206801607499913
1955,Oct,01-10-1955,28.629,21.085114285714287,1.9291482907137754
1955,Nov,01-11-1955,0.0,-5.650599999999999,-0.5152376445279412
1955,Dec,01-12-1955,6.75,2.595314285714286,0.3966384914229533
1956,Jan,01-01-1956,9.101,3.7149714285714293,0.6759039856417947
1956,Feb,01-02-1956,0.397,-5.945242857142857,-0.6096828837928695
1956,Mar,01-03-1956,11.311,6.480114285714286,0.8983742925348972
1956,Apr,01-04-1956,0.87,-3.457457142857143,-0.48769382700667185
1956,May,01-05-1956,0.368,-9.392614285714284,-0.8740728710050734
1956,Jun,01-06-1956,50.258,0.16559999999999775,0.003620905802456206
1956,Jul,01-07-1956,517.613,304.57747142857147,2.971374883531598
1956,Aug,01-08-1956,136.114,-35.11680000000004,-0.3779499809217104
1956,Sep,01-09-1956,13.82,-76.59457142857144,-1.1738094414146993
1956,Oct,01-10-1956,46.525,38.981114285714284,3.5665137487708742
1956,Nov,01-11-1956,0.88,-4.770599999999999,-0.4349967626420197
1956,Dec,01-12-1956,5.283,1.1283142857142865,0.1724387981063
1957,Jan,01-01-1957,13.186,7.799971428571428,1.419131177138254
1957,Feb,01-02-1957,0.0,-6.342242857142857,-0.6503951155186041
1957,Mar,01-03-1957,14.091,9.260114285714286,1.2837811577738059
1957,Apr,01-04-1957,2.929,-1.398457142857143,-0.19726026606398225
1957,May,01-05-1957,11.459,1.698385714285715,0.15805108484201139
1957,Jun,01-06-1957,35.435,-14.657400000000003,-0.3204895211891376
1957,Jul,01-07-1957,222.495,9.459471428571447,0.09228402771389388
1957,Aug,01-08-1957,181.975,10.74419999999995,0.11563611106419255
1957,Sep,01-09-1957,64.557,-25.857571428571433,-0.3962664834963777
1957,Oct,01-10-1957,4.942,-2.6018857142857144,-0.23805530813497486
1957,Nov,01-11-1957,14.028,8.377400000000002,0.7638749589899078
1957,Dec,01-12-1957,2.414,-1.7406857142857137,-0.26602672345162726
1958,Jan,01-01-1958,1.602,-3.7840285714285713,-0.6884682809510934
1958,Feb,01-02-1958,1.21,-5.132242857142857,-0.5263099760018812
1958,Mar,01-03-1958,2.466,-2.3648857142857134,-0.3278572625147968
1958,Apr,01-04-1958,0.206,-4.1214571428571425,-0.5813547713806134
1958,May,01-05-1958,3.674,-6.086614285714285,-0.5664178536008301
1958,Jun,01-06-1958,11.773,-38.3194,-0.8378679819241506
1958,Jul,01-07-1958,303.012,89.97647142857144,0.8777859572399634
1958,Aug,01-08-1958,121.098,-50.132800000000046,-0.5395619989165281
1958,Sep,01-09-1958,273.61,183.19542857142858,2.80746428461563
1958,Oct,01-10-1958,9.067,1.5231142857142856,0.13935486813264428
1958,Nov,01-11-1958,41.306,35.6554,3.2511599318128495
1958,Dec,01-12-1958,8.453,4.2983142857142855,0.6569057563979095
1959,Jan,01-01-1959,4.172,-1.214028571428572,-0.22088103929971012
1959,Feb,01-02-1959,0.747,-5.595242857142857,-0.5737904880648915
1959,Mar,01-03-1959,0.804,-4.026885714285713,-0.5582695682799288
1959,Apr,01-04-1959,1.197,-3.130457142857143,-0.4415686330152879
1959,May,01-05-1959,28.43,18.669385714285717,1.737365452769239
1959,Jun,01-06-1959,61.709,11.616599999999998,0.2540012943527323
1959,Jul,01-07-1959,196.905,-16.130528571428556,-0.15736504486173783
1959,Aug,01-08-1959,143.234,-27.996800000000036,-0.30131988181921304
1959,Sep,01-09-1959,120.596,30.18142857142857,0.46252946066241807
1959,Oct,01-10-1959,1.371,-6.172885714285714,-0.5647781540626519
1959,Nov,01-11-1959,13.103,7.452400000000001,0.6795308501893657
1959,Dec,01-12-1959,0.0,-4.154685714285714,-0.6349551894818942
1960,Jan,01-01-1960,0.912,-4.474028571428572,-0.8140072680092465
1960,Feb,01-02-1960,0.0,-6.342242857142857,-0.6503951155186041
1960,Mar,01-03-1960,3.294,-1.5368857142857135,-0.21306701632133768
1960,Apr,01-04-1960,0.666,-3.661457142857143,-0.5164691773866177
1960,May,01-05-1960,8.771,-0.9896142857142838,-0.09209310353748217
1960,Jun,01-06-1960,44.184,-5.908400000000007,-0.12918937103401038
1960,Jul,01-07-1960,188.457,-24.578528571428564,-0.2397814327132007
1960,Aug,01-08-1960,169.253,-1.9778000000000588,-0.021286377809679784
1960,Sep,01-09-1960,21.997,-68.41757142857143,-1.0484971689725344
1960,Oct,01-10-1960,19.324,11.780114285714287,1.0778024264300912
1960,Nov,01-11-1960,0.0,-5.650599999999999,-0.5152376445279412
1960,Dec,01-12-1960,0.896,-3.258685714285714,-0.4980206801351173
1961,Jan,01-01-1961,8.103,2.716971428571428,0.4943273058098569
1961,Feb,01-02-1961,23.096,16.753757142857143,1.7180928037196053
1961,Mar,01-03-1961,0.0,-4.830885714285714,-0.6697325609605339
1961,Apr,01-04-1961,10.505,6.177542857142858,0.8713772558893043
1961,May,01-05-1961,9.025,-0.7356142857142842,-0.06845596668912227
1961,Jun,01-06-1961,54.678,4.585599999999992,0.10026585536076718
1961,Jul,01-07-1961,153.792,-59.243528571428556,-0.5779637344261458
1961,Aug,01-08-1961,248.602,77.37119999999996,0.8327194836628009
1961,Sep,01-09-1961,172.835,82.42042857142857,1.2630905221894144
1961,Oct,01-10-1961,13.012,5.468114285714286,0.5002962367085855
1961,Nov,01-11-1961,3.016,-2.634599999999999,-0.24023025842801013
1961,Dec,01-12-1961,0.716,-3.4386857142857137,-0.5255298449592466
1962,Jan,01-01-1962,5.517,0.13097142857142874,0.023829015183212197
1962,Feb,01-02-1962,0.861,-5.481242857142857,-0.5620998220277789
1962,Mar,01-03-1962,9.31,4.479114285714287,0.6209645309007042
1962,Apr,01-04-1962,1.546,-2.7814571428571426,-0.3923402149633214
1962,May,01-05-1962,1.338,-8.422614285714285,-0.7838050649306284
1962,Jun,01-06-1962,13.6,-36.4924,-0.7979199450818352
1962,Jul,01-07-1962,281.655,68.61947142857142,0.6694328801396209
1962,Aug,01-08-1962,110.588,-60.64280000000005,-0.6526774963276583
1962,Sep,01-09-1962,108.835,18.42042857142856,0.2822924989169981
1962,Oct,01-10-1962,0.0,-7.5438857142857145,-0.6902155726475988
1962,Nov,01-11-1962,1.32,-4.330599999999999,-0.394876321699059
1962,Dec,01-12-1962,2.263,-1.891685714285714,-0.2891038561652023
1963,Jan,01-01-1963,2.274,-3.1120285714285716,-0.566204223990109
1963,Feb,01-02-1963,3.802,-2.540242857142857,-0.2605011482106863
1963,Mar,01-03-1963,1.739,-3.0918857142857137,-0.42864531684166246
1963,Apr,01-04-1963,1.182,-3.145457142857143,-0.44368446760204877
1963,May,01-05-1963,6.389,-3.3716142857142843,-0.31376105618627453
1963,Jun,01-06-1963,29.875,-20.217400000000005,-0.44206099619913986
1963,Jul,01-07-1963,79.202,-133.83352857142856,-1.3056434657046276
1963,Aug,01-08-1963,185.421,14.190199999999948,0.15272421801745176
1963,Sep,01-09-1963,143.938,53.52342857142855,0.8202448897128048
1963,Oct,01-10-1963,6.999,-0.5448857142857149,-0.04985343356952221
1963,Nov,01-11-1963,15.168,9.5174,0.8678233741603064
1963,Dec,01-12-1963,5.276,1.121314285714286,0.17136899725202814
1964,Jan,01-01-1964,0.0,-5.386028571428572,-0.9799370595991537
1964,Feb,01-02-1964,0.031,-6.311242857142857,-0.6472160747541262
1964,Mar,01-03-1964,0.621,-4.209885714285713,-0.5836398763154395
1964,Apr,01-04-1964,0.489,-3.838457142857143,-0.5414360255103943
1964,May,01-05-1964,26.815,17.054385714285715,1.5870742086349818
1964,Jun,01-06-1964,25.666,-24.426400000000005,-0.5340923520115678
1964,Jul,01-07-1964,334.385,121.34947142857143,1.1838524032702598
1964,Aug,01-08-1964,252.09,80.85919999999996,0.8702596220995301
1964,Sep,01-09-1964,99.33,8.915428571428563,0.1366286674919307
1964,Oct,01-10-1964,4.588,-2.9558857142857144,-0.2704439632619415
1964,Nov,01-11-1964,0.0,-5.650599999999999,-0.5152376445279412
1964,Dec,01-12-1964,9.043,4.888314285714285,0.7470746855436666
1965,Jan,01-01-1965,6.415,1.0289714285714284,0.1872116389197657
1965,Feb,01-02-1965,3.476,-2.866242857142857,-0.2939323510887455
1965,Mar,01-03-1965,2.832,-1.9988857142857137,-0.27711664644377504
1965,Apr,01-04-1965,4.419,0.0915428571428567,0.012912636220916773
1965,May,01-05-1965,1.7,-8.060614285714285,-0.7501174919420209
1965,Jun,01-06-1965,10.002,-40.0904,-0.8765915578670846
1965,Jul,01-07-1965,344.41,131.37447142857147,1.2816535737497714
1965,Aug,01-08-1965,101.518,-69.71280000000004,-0.7502947714483957
1965,Sep,01-09-1965,49.301,-41.11357142857143,-0.6300642122939398
1965,Oct,01-10-1965,7.201,-0.3428857142857149,-0.03137177160441694
1965,Nov,01-11-1965,0.003,-5.647599999999999,-0.5149640960669664
1965,Dec,01-12-1965,0.085,-4.069685714285714,-0.6219647505371664
1966,Jan,01-01-1966,0.131,-5.255028571428571,-0.9561028461141999
1966,Feb,01-02-1966,2.334,-4.008242857142857,-0.4110441108640327
1966,Mar,01-03-1966,0.037,-4.793885714285714,-0.6646030451282176
1966,Apr,01-04-1966,0.088,-4.239457142857143,-0.5979993367964644
1966,May,01-05-1966,25.521,15.760385714285716,1.4666550941397938
1966,Jun,01-06-1966,71.679,21.586599999999997,0.47199906518901297
1966,Jul,01-07-1966,193.353,-19.68252857142855,-0.19201738975383
1966,Aug,01-08-1966,260.959,89.72819999999996,0.9657136036922336
1966,Sep,01-09-1966,56.33,-34.08457142857144,-0.5223450043942239
1966,Oct,01-10-1966,1.946,-5.597885714285715,-0.5121694628253476
1966,Nov,01-11-1966,21.051,15.4004,1.4042519061317562
1966,Dec,01-12-1966,0.121,-4.033685714285713,-0.6164629175723405
1967,Jan,01-01-1967,0.0,-5.386028571428572,-0.9799370595991537
1967,Feb,01-02-1967,0.137,-6.205242857142856,-0.6363458063336529
1967,Mar,01-03-1967,32.216,27.385114285714288,3.7965507377936865
1967,Apr,01-04-1967,0.162,-4.165457142857143,-0.5875612195017784
1967,May,01-05-1967,6.75,-3.0106142857142846,-0.2801665427915585
1967,Jun,01-06-1967,83.257,33.1646,0.7251563561361005
1967,Jul,01-07-1967,266.169,53.133471428571426,0.5183556805340629
1967,Aug,01-08-1967,294.75,123.51919999999996,1.329394457452414
1967,Sep,01-09-1967,168.298,77.88342857142857,1.1935611373208683
1967,Oct,01-10-1967,22.672,15.128114285714286,1.384122249495301
1967,Nov,01-11-1967,3.024,-2.626599999999999,-0.23950079586541087
1967,Dec,01-12-1967,19.338,15.183314285714287,2.3204460847903943
1968,Jan,01-01-1968,5.204,-0.18202857142857187,-0.03311838039534151
1968,Feb,01-02-1968,1.855,-4.487242857142856,-0.4601654181603222
1968,Mar,01-03-1968,9.528,4.697114285714287,0.65118708364246
1968,Apr,01-04-1968,0.17,-4.157457142857143,-0.5864327743888393
1968,May,01-05-1968,4.406,-5.354614285714285,-0.49829823087248604
1968,Jun,01-06-1968,11.25,-38.842400000000005,-0.8493035721094437
1968,Jul,01-07-1968,254.228,41.19247142857145,0.4018625357264971
1968,Aug,01-08-1968,86.664,-84.56680000000004,-0.910163239435544
1968,Sep,01-09-1968,12.445,-77.96957142857144,-1.1948812739459425
1968,Oct,01-10-1968,6.554,-0.9898857142857143,-0.09056798591839257
1968,Nov,01-11-1968,0.0,-5.650599999999999,-0.5152376445279412
1968,Dec,01-12-1968,0.0,-4.154685714285714,-0.6349551894818942
1969,Jan,01-01-1969,7.506,2.1199714285714286,0.38570879092041105
1969,Feb,01-02-1969,3.423,-2.919242857142857,-0.2993674852989822
1969,Mar,01-03-1969,1.838,-2.9928857142857135,-0.4149203961011402
1969,Apr,01-04-1969,0.095,-4.232457142857143,-0.597011947322643
1969,May,01-05-1969,12.314,2.5533857142857155,0.23761703761897085
1969,Jun,01-06-1969,15.245,-34.84740000000001,-0.7619514061625089
1969,Jul,01-07-1969,197.733,-15.302528571428553,-0.1492873023024325
1969,Aug,01-08-1969,118.314,-52.91680000000005,-0.569525228677954
1969,Sep,01-09-1969,77.801,-12.613571428571433,-0.19330259255544188
1969,Oct,01-10-1969,0.005,-7.538885714285715,-0.6897581057672745
1969,Nov,01-11-1969,2.188,-3.462599999999999,-0.31572963365703627
1969,Dec,01-12-1969,0.0,-4.154685714285714,-0.6349551894818942
1970,Jan,01-01-1970,7.151,1.7649714285714282,0.32111989178179595
1970,Feb,01-02-1970,12.081,5.738757142857143,0.5885078353091067
1970,Mar,01-03-1970,8.905,4.074114285714286,0.5648171278712947
1970,Apr,01-04-1970,1.194,-3.133457142857143,-0.4419917999326401
1970,May,01-05-1970,24.183,14.422385714285715,1.3421413575133934
1970,Jun,01-06-1970,101.271,51.178599999999996,1.1190391890192264
1970,Jul,01-07-1970,110.573,-102.46252857142856,-0.9995965311297887
1970,Aug,01-08-1970,332.986,161.75519999999995,1.7409153098798145
1970,Sep,01-09-1970,134.737,44.32242857142856,0.6792398488982815
1970,Oct,01-10-1970,0.325,-7.218885714285714,-0.6604802254265136
1970,Nov,01-11-1970,0.0,-5.650599999999999,-0.5152376445279412
1970,Dec,01-12-1970,0.0,-4.154685714285714,-0.6349551894818942
